"Type","Subpopulation","Indicator","Category","nResp","Estimate.P","StdError.P","MarginofError.P","LCB95Pct.P","UCB95Pct.P","Estimate.U","StdError.U","MarginofError.U","LCB95Pct.U","UCB95Pct.U"
"All_Sites","2016-2020","BugAssess","BCG2",9,16.3636363636364,4.22831586219509,8.28734680516179,8.07628955847457,24.6509831687982,1271.78181818182,328.624708809802,644.092593697175,627.689224484643,1915.87441187899
"All_Sites","2016-2020","BugAssess","BCG34",33,60,5.25516361722034,10.2999314226171,49.7000685773829,70.2999314226171,4663.2,408.431316330364,800.5106701658,3862.6893298342,5463.7106701658
"All_Sites","2016-2020","BugAssess","BCG56",13,23.6363636363636,3.5812923962653,7.01920411478713,16.6171595215765,30.6555677511508,1837.01818181818,278.338045037739,545.532543801256,1291.48563801693,2382.55072561944
"All_Sites","2016-2020","BugAssess","Total",55,100,0,0,100,100,7772,4.93098229210814e-13,9.66454770093673e-13,7772,7772
"All_Sites","2011-2015","BugAssess","BCG2",13,20.6349206349206,4.28651087564685,8.40140693560707,12.2335136993136,29.0363275705277,1603.74603174603,333.147625255273,652.957347035381,950.788684710651,2256.70337878141
"All_Sites","2011-2015","BugAssess","BCG34",32,50.7936507936508,5.60417239524354,10.9839760578309,39.8096747358199,61.7776268514817,3947.68253968254,435.556278558328,853.674619214618,3094.00792046792,4801.35715889716
"All_Sites","2011-2015","BugAssess","BCG56",18,28.5714285714286,4.53003523622092,8.87870591169039,19.6927226597382,37.450134483119,2220.57142857143,352.07433855909,690.053023456577,1530.51840511485,2910.62445202801
"All_Sites","2011-2015","BugAssess","Total",63,100,0,0,100,100,7772,3.74369047685817e-13,7.3374985039076e-13,7772,7772
"All_Sites","2001-2005","BugAssess","BCG2",11,26.8292682926829,5.37766840736208,10.5400363992285,16.2892318934544,37.3693046919115,2085.17073170732,417.952388620181,819.171628948042,1265.99910275927,2904.34236065536
"All_Sites","2001-2005","BugAssess","BCG34",23,56.0975609756098,6.02272046497338,11.8043152003002,44.2932457753096,67.9018761759099,4359.90243902439,468.085834537731,917.431377367328,3442.47106165706,5277.33381639172
"All_Sites","2001-2005","BugAssess","BCG56",7,17.0731707317073,3.77552416486139,7.39989138588899,9.67327934581833,24.4730621175963,1326.92682926829,293.433738093027,575.119558511292,751.807270757,1902.04638777958
"All_Sites","2001-2005","BugAssess","Total",41,100,0,0,100,100,7772,3.70573752957321e-13,7.26311209412193e-13,7772,7772
