Type,Subpopulation,Indicator,Category,NResp,Estimate.P,StdError.P,LCB95Pct.P,UCB95Pct.P,Estimate.U,StdError.U,LCB95Pct.U,UCB95Pct.U
Survey,2001-2005,Assessment,Fail,8,18.78194304,4.756913651,9.458563605,28.10532247,1865.301815,472.4260769,939.3637187,2791.239911
Survey,2001-2005,Assessment,Pass,38,81.21805696,4.756913651,71.89467753,90.54143639,8066.055185,472.4260769,7140.117089,8991.993281
Survey,2006-2010,Assessment,Ambiguous,1,1,0.908791644,0,2.781198891,125.085465,113.6766254,0,347.8875566
Survey,2006-2010,Assessment,Fail,22,22,2.54580293,17.01031795,26.98968205,2751.88023,318.4429433,2127.74353,3376.01693
Survey,2006-2010,Assessment,Pass,77,77,2.648847031,71.80835522,82.19164478,9631.580805,331.3322626,8982.181503,10280.98011
Survey,2011-2015,Assessment,Ambiguous,2,3.225806452,1.908574863,0,6.966544445,403.5015,238.7349742,0,871.4134513
Survey,2011-2015,Assessment,Fail,15,24.19354839,4.35330617,15.66122508,32.72587169,3026.26125,544.5353266,1958.991622,4093.530878
Survey,2011-2015,Assessment,Pass,45,72.58064516,4.443564013,63.87141973,81.28987059,9078.78375,555.8252708,7989.386237,10168.18126
Survey,2001-2005,Assessment,Ambiguous,0,0,0,0,0,0,0,0,0
Survey,2016-2020,Assessment,Fail,13,23.63636364,3.581292396,16.61715952,30.65556775,1837.0183,278.3380629,1291.485721,2382.550879
Survey,2016-2020,Assessment,Pass,42,76.36363636,3.581292396,69.34443225,83.38284048,5934.9822,278.3380629,5389.449621,6480.514779
Survey,2016-2020,Assessment,Total,55,100,0,100,100,7772.0005,5.47E-13,7772.0005,7772.0005
